close_50_sma,close_200_sma,close_10_ema,macd,macds,macdh,rsi,boll,boll_ub,boll_lb,atr,vwma,datetime,timestamp
,,1985.73,0.0,0.0,0.0,100.0,,,,6.720000000000027,,2026-03-27 21:00:00,1774645200
,,1985.691818181818,-0.01675213675230225,-0.00335042735046045,-0.013401709401841799,0.0,,,,6.617142857142881,,2026-03-27 22:00:00,1774648800
,,1986.9751239669417,0.5470660140745167,0.10673286093453499,0.4403331531399817,97.37373737373693,,,,7.095204081632672,,2026-03-27 23:00:00,1774652400
,,1987.9960105184068,0.9698059782372184,0.2793474843950717,0.6904584938421467,95.16529134814813,,,,6.979832361516054,,2026-03-28 00:00:00,1774656000
,,1988.4385540605147,1.1176528905782561,0.4470085656317086,0.6706443249465475,71.56717751075564,,,,7.036272907122049,,2026-03-28 01:00:00,1774659600
,,1988.2351805949663,0.9726594128901525,0.5521387350833974,0.42052067780675506,51.691922285946006,,,,7.28511055661333,,2026-03-28 02:00:00,1774663200
,,1988.4087841231542,0.9971498857796632,0.6411409652226506,0.3560089205570126,59.05508933316067,,,,7.059031231140942,,2026-03-28 03:00:00,1774666800
,,1988.843550646217,1.133407095185703,0.739594191215261,0.3938129039704419,64.12505577244887,,,,6.926957571773735,,2026-03-28 04:00:00,1774670400
,,1989.8229050741775,1.5008632325245799,0.8918479994771249,0.609015233047455,72.06200097428007,,,,6.902174888075622,,2026-03-28 05:00:00,1774674000
,,1991.8460132425087,2.3077207391856973,1.1750225474188394,1.132698191766858,80.95297212493215,,,,7.381305253213071,,2026-03-28 06:00:00,1774677600
,,1994.6140108347797,3.4017803727326736,1.6203741124816062,1.7814062602510674,85.48376911093465,,,,7.401926306554984,,2026-03-28 07:00:00,1774681200
,,1995.4550997739107,3.595567488785491,2.0154127877423833,1.5801547010431078,64.38243891943401,,,,7.593217284658194,,2026-03-28 08:00:00,1774684800
,,1996.1941725422903,3.7287560556214885,2.3580814413182045,1.370674614303284,64.71783834070145,,,,7.347987478611187,,2026-03-28 09:00:00,1774688400
,,1996.2843229891464,3.5648581401155752,2.599436781077679,0.9654213590378964,58.70114607692549,,,,7.665988372996099,,2026-03-28 10:00:00,1774692000
,,1996.5308097183924,3.4716064041476784,2.773870705691679,0.6977356984559995,60.04402656963772,,,,7.454132060639239,,2026-03-28 11:00:00,1774695600
,,1997.1015715877757,3.5209207830434934,2.9232807211620417,0.5976400618814517,62.82565911130839,,,,7.796694056307865,,2026-03-28 12:00:00,1774699200
,,2002.4285585718164,5.651740643624862,3.468972705654606,2.1827679379702563,81.29311613553774,,,,10.679073052285881,,2026-03-28 13:00:00,1774702800
,,2005.7760933769407,6.813246339024772,4.137827432328639,2.675418906696133,73.15256354702473,,,,10.834139262836883,,2026-03-28 14:00:00,1774706400
,,2009.6058945811333,8.124246569449042,4.93511125975272,3.189135309696322,75.95124722428069,,,,11.621700744062814,,2026-03-28 15:00:00,1774710000
,,2012.364822839109,8.894469011297588,5.726982810061694,3.167486201235894,73.13246291874847,2000.4099999999999,2027.012999079051,1973.8070009209487,11.402293548058324,2009.1932032702387,2026-03-28 16:00:00,1774713600
,,2013.905764141089,9.082256177859335,6.398037483621222,2.6842186942381137,67.93896962001784,2002.1654999999998,2029.2905610874886,1975.040438912511,11.348558294625592,2010.2850028861687,2026-03-28 17:00:00,1774717200
,,2015.3410797518,9.202462576984772,6.958922502293932,2.2435400746908396,68.52547003493646,2003.9795,2031.2612656869933,1976.6977343130065,10.844375559295207,2010.9169208644732,2026-03-28 18:00:00,1774720800
,,2016.2899743423818,9.092852632402355,7.385708528315617,1.707144104086738,66.82501539680683,2005.3700000000001,2033.0525403458573,1977.687459654143,10.484063019345546,2011.7276987859263,2026-03-28 19:00:00,1774724400
,,2017.7990699164943,9.224835124454103,7.753533847543315,1.471301276910788,69.47608599722703,2006.97,2035.2064842004102,1978.73351579959,10.158058517963727,2012.5542876605473,2026-03-28 20:00:00,1774728000
,,2016.3101481134954,8.028128129629295,7.80845270396051,0.21967542566878429,52.63774530181573,2007.929,2035.13745302475,1980.7205469752503,10.780340052394882,2013.752321565409,2026-03-28 21:00:00,1774731600
,,2015.5064848201325,7.180928881494083,7.682947939467225,-0.5020190579731425,54.447356400885845,2009.1575,2034.700694690563,1983.614305309437,10.56460147722382,2014.4087427405873,2026-03-28 22:00:00,1774735200
,,2011.7307603073812,5.067243671342794,7.15980708584234,-2.092563414499546,41.57859716832845,2009.4350000000002,2034.2136081126448,1984.6563918873555,11.39927280027926,2013.525496200142,2026-03-28 23:00:00,1774738800
,,2009.4451675242208,3.7060687212660923,6.46905941292709,-2.762990691660998,45.17510114504845,2009.8529999999998,2033.621529697901,1986.0844703020987,11.190753314545027,2013.4943301031235,2026-03-29 00:00:00,1774742400
,,2008.651500701635,3.0696374216756794,5.789175014676808,-2.719537593001129,49.6463008239902,2010.3955,2033.1881843307237,1987.6028156692764,11.093556649220377,2013.671109527555,2026-03-29 01:00:00,1774746000
,,2008.7021369377012,2.843149794684223,5.199969970678291,-2.356820175994068,52.36698424994719,2010.7945,2033.1877065368053,1988.4012934631946,10.872588317133207,2014.3283719454537,2026-03-29 02:00:00,1774749600
,,2009.1381120399374,2.8064070693239955,4.721257390407432,-1.9148503210834367,53.879582345197484,2010.9959999999999,2033.323955033993,1988.6680449660068,10.996689151623702,2014.4574355551763,2026-03-29 03:00:00,1774753200
,,2008.5402734872214,2.326834768038225,4.242372865933591,-1.9155380978953662,49.762391772865456,2011.3265,2033.138336488476,1989.5146635115238,10.817639926507724,2014.738621463087,2026-03-29 04:00:00,1774756800
,,2007.9529510349994,1.8815079249450264,3.7701998777358785,-1.8886919527908521,49.34471861519279,2011.616,2032.9416168961186,1990.2903831038814,10.73066564604288,2015.113362544232,2026-03-29 05:00:00,1774760400
,,2007.4124144831812,1.4848386555704565,3.3131276333027944,-1.828288977732338,49.07364422277599,2012.0305,2032.4839813418164,1991.5770186581838,10.557760957039813,2015.712325195857,2026-03-29 06:00:00,1774764000
,,2007.18106639533,1.2496722632620276,2.9004365592946413,-1.6507642960326137,50.11112547017001,2012.4555,2032.0295823284268,1992.8814176715732,10.50863517439412,2015.8617886416744,2026-03-29 07:00:00,1774767600
,,2006.6499634143609,0.9012123004761179,2.5005917075309365,-1.5993794070548186,48.39051545138835,2012.6850000000002,2031.7552244349677,1993.6147755650327,10.103732661937393,2016.4566413000032,2026-03-29 08:00:00,1774771200
,,2005.2972427935679,0.2150831296269189,2.043489991950133,-1.828406862323214,44.01831635595027,2011.3255000000001,2030.1662902965886,1992.4847097034117,10.162037471799012,2012.557774855124,2026-03-29 09:00:00,1774774800
,,2003.5868350129192,-0.589776854709271,1.5168366226182521,-2.106613477327523,41.37179481661106,2010.078,2029.5278366059977,1990.6281633940023,9.95832050952765,2010.6709244523413,2026-03-29 10:00:00,1774778400
,,2003.6219559196609,-0.5842423483659331,1.0966208284214152,-1.6808631767873483,49.1901207468136,2008.925,2026.9449483906033,1990.9050516093967,10.171297615989966,2007.3657319692436,2026-03-29 11:00:00,1774782000
,,2003.268873025177,-0.7407695317340313,0.7291427563903259,-1.4699122881243571,47.37910992757594,2007.77,2024.4913707572075,1991.0486292427925,9.950490643419265,2006.0657582491303,2026-03-29 12:00:00,1774785600
,,2000.327259747872,-2.018837615208213,0.17954668207061814,-2.198384297278831,37.146586489604644,2006.0825,2023.9593317942522,1988.2056682057478,10.566884168889327,2003.0405818373456,2026-03-29 13:00:00,1774789200
,,1999.2077579755314,-2.432379986987371,-0.3428386517409797,-2.089541335246391,43.52106944427703,2004.7010000000002,2021.7573922328252,1987.6446077671753,11.12353529968294,2002.000319782793,2026-03-29 14:00:00,1774792800
,,1998.0736201617983,-2.824387486392652,-0.8391484186713143,-1.9852390677213378,42.730058925367835,2003.3215,2019.4624457901316,1987.1805542098684,11.233282778277022,2001.0942269873967,2026-03-29 15:00:00,1774796400
,,1998.0275074051076,-2.712434530241353,-1.2138056409853222,-1.4986288892560309,46.92851053858974,2001.9830000000002,2014.9809723034002,1988.9850276966001,11.258048294114372,2000.2752700859196,2026-03-29 16:00:00,1774800000
,,1997.4952333314516,-2.810791222370881,-1.5332027572624338,-1.277588465108447,44.93877439617996,2001.2575000000002,2014.0903794508463,1988.424620549154,11.354616273106213,1999.438149155175,2026-03-29 17:00:00,1774803600
,,1997.465190907551,-2.6779277621035362,-1.7621477582306544,-0.9157800038728818,46.925620752065875,2000.5295,2012.4893452749168,1988.5696547250834,11.287857967884348,1998.7730030975915,2026-03-29 18:00:00,1774807200
,,1997.1787925607234,-2.6581865580526483,-1.9413555181950533,-0.716831039857595,45.77691900448981,2000.587,2012.4455835579104,1988.7284164420896,10.892296684464037,1999.142492664116,2026-03-29 19:00:00,1774810800
,,1998.14628482241,-2.0851336311400246,-1.9701111407840477,-0.11502249035597689,51.630149796337214,2000.7540000000001,2012.6215648723717,1988.8864351276286,11.088561207002329,1999.306371547494,2026-03-29 20:00:00,1774814400
,,1999.6669603092444,-1.2925122937454034,-1.834591371376319,0.5420790776309155,54.816674201325384,2000.8255000000001,2012.8130810320495,1988.8379189679508,10.706521120787876,1999.2234386558248,2026-03-29 21:00:00,1774818000
2002.1394,,1994.9984220712,-3.2509712197895624,-2.1178673410589677,-1.1331038787305947,34.79646883928034,1999.0785,2015.2768422299919,1982.8801577700083,14.776769612160173,1989.3501997221224,2026-03-29 22:00:00,1774821600
2002.1176,,1993.115072603709,-3.898755606635632,-2.4740449941743003,-1.4247106124613316,42.236778419371255,1997.7555,2014.1315721481046,1981.3794278518953,15.224143211291587,1987.9653156263703,2026-03-29 23:00:00,1774825200
2002.3522,,1993.8668775848528,-3.3559227973937595,-2.6504205548181923,-0.7055022425755673,49.57389583345726,1997.3255000000001,2013.2748905526178,1981.3761094473825,17.240275839056476,1989.1222522607109,2026-03-30 00:00:00,1774828800
2002.7058,,1996.8783543876066,-1.8409862910375523,-2.4885337020620644,0.6475474110245121,55.88169538933731,1997.5815000000002,2014.1861996660564,1980.976800333944,17.375970421981005,1989.9631028212034,2026-03-30 01:00:00,1774832400
2003.4526,,2002.8877444989507,0.9224652315042476,-1.806333915348802,2.7287991468530497,63.213555445545964,1998.8290000000002,2020.4583447889654,1977.199655211035,18.704115391839508,1994.435283615551,2026-03-30 02:00:00,1774836000
2004.3616,,2008.8863364082324,3.55169402857814,-0.7347283265634137,4.2864223551415535,65.11839686688224,2000.316,2027.2018523391012,1973.430147660899,18.40882143527954,1996.0725571401053,2026-03-30 03:00:00,1774839600
2005.583,,2016.0688206976447,6.569104692626524,0.726038277274574,5.8430664153519505,68.7789260741945,2002.5224999999998,2036.6177394770878,1968.4272605229119,18.316762761330992,1998.9754230375495,2026-03-30 04:00:00,1774843200
2006.756,,2021.8453987526182,8.814436640896702,2.3437179499989997,6.4707186908977015,68.43887794981428,2004.9540000000002,2044.2907158771548,1965.6172841228456,17.995565421235916,2002.4031850316449,2026-03-30 05:00:00,1774846800
2007.7892,,2025.5935080703239,10.043976638648019,3.8837696877288037,6.160206950919215,65.05088519012727,2007.2825,2049.5979623630656,1964.9670376369345,17.48231074829049,2003.9605598344394,2026-03-30 06:00:00,1774850400
2009.0962,,2031.7728702393558,12.258528185163868,5.558721387215817,6.699806797948051,70.11994238492964,2010.0725000000002,2058.072647447691,1962.0723525523097,18.14357426626976,2007.4398064306397,2026-03-30 07:00:00,1774854000
2010.3238000000001,,2037.3287120140183,14.073250585594451,7.2616272268915445,6.8116233587029065,70.85129019361148,2013.105,2066.013528424065,1960.1964715759352,18.051176104393342,2011.0677495851771,2026-03-30 08:00:00,1774857600
2011.2856,,2040.5707643751057,14.762696904044788,8.761841162322193,6.000855741722594,66.29516612087062,2016.5085,2071.018551284145,1961.998448715855,17.423234954079547,2013.2431538900307,2026-03-30 09:00:00,1774861200
2012.4563999999998,,2043.6997163069045,15.343628385405509,10.078198606938857,5.265429778466652,67.12703238132318,2019.6889999999999,2076.0072829638843,1963.3707170361156,16.9044324573596,2014.9364862320663,2026-03-30 10:00:00,1774864800
2013.8916,,2048.7143133420127,16.70084104589705,11.402727094730496,5.298113951166554,71.08683961801414,2023.6045,2082.765041740253,1964.4439582597472,17.40197299611962,2019.493250152401,2026-03-30 11:00:00,1774868400
2015.4486000000002,,2053.409892734374,17.833918303594146,12.688965336503227,5.144952967090919,71.96505954285631,2027.4405,2089.303470014381,1965.5775299856189,16.86040349639677,2021.6719907933252,2026-03-30 12:00:00,1774872000
2016.7142000000001,,2054.775366782669,17.431925633087985,13.63755739582018,3.794368237267806,63.31255647823155,2030.7314999999999,2092.3650795731533,1969.0979204268463,17.572517532368426,2024.730262445283,2026-03-30 13:00:00,1774875600
2018.1536,,2057.841663731275,17.773476382599256,14.464741193175996,3.3087351894232597,66.70562975392363,2034.4469999999997,2096.5360280484424,1972.3579719515571,18.596623422913527,2029.2246778106803,2026-03-30 14:00:00,1774879200
2019.1162,,2060.875906689225,18.0690676948077,15.185606493502338,2.883461201305362,67.57624611342203,2038.3790000000001,2100.1625401705046,1976.5954598294957,18.55472174984829,2031.5927263241433,2026-03-30 15:00:00,1774882800
2020.023,,2061.840287291184,17.428644162266664,15.634214027255204,1.79443013501146,62.49170558969157,2041.563,2102.1746573276164,1980.9513426723838,18.37509876771627,2033.1011097759063,2026-03-30 16:00:00,1774886400
2020.3222,,2058.1965986927867,14.783427501019332,15.46405672200803,-0.6806292209886973,50.53566136007436,2043.3274999999999,2101.7705306794605,1984.884469320539,19.932591712879383,2033.828178956219,2026-03-30 17:00:00,1774890000
2020.4788,,2053.5444898395526,11.80938678350617,14.733122734307658,-2.923735950801488,46.89361599419085,2046.2585,2095.6817735763266,1996.8352264236732,19.656692304816566,2043.3707773448375,2026-03-30 18:00:00,1774893600
2020.536,,2048.118218959634,8.633948765129617,13.51328794047205,-4.879339175342434,43.61191203563223,2048.2115,2090.280638462779,2006.142361537221,19.63264285447254,2046.9167269286047,2026-03-30 19:00:00,1774897200
2020.5639999999999,,2043.5876336942456,6.007791357397537,12.01218862385715,-6.004397266459613,43.42824343149797,2049.509,2086.506006851913,2012.5119931480874,18.70459693629592,2051.271072974528,2026-03-30 20:00:00,1774900800
2020.8728,,2042.2080639316555,4.902878387152668,10.590326576516253,-5.687448189363584,49.31327355582355,2050.7875,2083.8526664898345,2017.722333510165,19.364268583703346,2051.8814268483534,2026-03-30 21:00:00,1774904400
2021.0425999999998,,2040.5484159440816,3.748398101209659,9.221940881454934,-5.473542780245275,48.08439008370879,2050.945,2083.639190003738,2018.2508099962627,19.03182082772454,2053.4074240539057,2026-03-30 22:00:00,1774908000
2021.38,,2037.9905221360666,2.274678240699359,7.832488353303819,-5.55781011260446,45.334463388741085,2050.475,2084.2735629872113,2016.6764370127887,19.040976482887064,2053.1115983832583,2026-03-30 23:00:00,1774911600
2021.8752,,2037.7467908385997,1.9054142104907896,6.647073524741213,-4.741659314250423,50.07270042396847,2049.888,2084.214684430636,2015.5613155693638,19.44876387696656,2052.6188908803488,2026-03-31 00:00:00,1774915200
2023.4404000000002,,2044.1564652315815,4.494105762771824,6.216479972347336,-1.722374209575512,62.562989163765344,2051.1459999999997,2086.894916850731,2015.3970831492684,22.35028074289753,2055.556923889024,2026-03-31 01:00:00,1774918800
2024.9189999999999,,2049.417107916748,6.478247511564632,6.2688334801907954,0.20941403137383663,62.58794480567015,2052.6775000000002,2089.4174182769984,2015.9375817230018,21.87311783269057,2056.531889260179,2026-03-31 02:00:00,1774922400
2026.1516000000001,,2052.561270113703,7.450002471312928,6.505067278415223,0.944935192897705,59.5570981644658,2053.034,2090.1711314993568,2015.8968685006432,21.363609416069835,2056.6251547227284,2026-03-31 03:00:00,1774926000
2027.1904000000002,,2054.0719482748477,7.660579690815894,6.736169760895358,0.9244099299205359,56.84358708709195,2052.9610000000002,2090.0304304785027,2015.8915695214978,20.921923029207694,2056.427634097894,2026-03-31 04:00:00,1774929600
2028.2546,,2055.933412224875,8.012677743807444,6.991471357477776,1.021206386329668,58.0558579418868,2053.4185,2090.8096525765195,2016.0273474234812,20.443928527121432,2056.662710797426,2026-03-31 05:00:00,1774933200
2029.3841999999997,,2057.0964281839883,8.03927675690602,7.201032437363425,0.8382443195425946,57.0622958874395,2053.6459999999997,2091.195563193205,2016.0964368067941,19.680076489469904,2056.781134157109,2026-03-31 06:00:00,1774936800
2030.3973999999998,,2056.891623059627,7.4611503226446985,7.2530560144196805,0.20809430822501795,53.87298678597895,2052.8805,2089.5753816458173,2016.1856183541831,19.745785311650618,2055.6989624233256,2026-03-31 07:00:00,1774940400
2031.0998000000002,,2053.8386006851492,5.657192001527164,6.933883211841177,-1.276691210314013,46.83818418651799,2051.1585,2086.844556814959,2015.472443185041,19.990372075104137,2054.5284224146276,2026-03-31 08:00:00,1774944000
2031.3444,,2047.3897641969402,2.445917624565709,6.036290094386084,-3.590372469820375,39.27558612274898,2049.031,2087.1275798464962,2010.9344201535037,20.83820264116812,2051.053616158132,2026-03-31 09:00:00,1774947600
2031.7892000000002,,2043.591625252042,0.5506352195436648,4.9391591194176,-4.3885238998739355,42.984761892591415,2046.7740000000001,2084.592897604246,2008.9551023957542,20.285473881084677,2047.8758865003865,2026-03-31 10:00:00,1774951200
2032.629,,2043.156784297125,0.23210187977383612,3.9977476714888476,-3.7656457917150115,49.04528276024038,2045.1074999999996,2080.7627228292067,2009.4522771707927,20.37294003243577,2045.7985945669825,2026-03-31 11:00:00,1774954800
2033.6668,,2043.9973689703747,0.5047939710680112,3.2991569314046805,-2.7943629603366693,51.52895690681889,2044.1875,2078.5463084048383,2009.8286915951617,20.553444315833225,2045.0796122970617,2026-03-31 12:00:00,1774958400
2035.0986000000003,,2049.701483703034,2.9136006640069354,3.2220456779251316,-0.30844501391819623,60.272904158355495,2045.866,2082.7792482450463,2008.9527517549536,21.37819829327372,2047.7410463529563,2026-03-31 13:00:00,1774962000
2035.9837999999997,,2049.0175775752095,2.419946640936587,3.061625870527423,-0.641679229590836,49.92669554501914,2046.5325,2082.942221160707,2010.1227788392932,23.738326986611316,2048.207496969048,2026-03-31 14:00:00,1774965600
2037.339,,2050.0780180160805,2.716372159716684,2.9925751283652753,-0.2762029686485912,52.5806116290485,2048.09,2083.09765801936,2013.0823419806404,24.339875058996213,2049.901737690089,2026-03-31 15:00:00,1774969200
2039.2895999999998,,2057.6456511040656,5.8572597067982315,3.565512044051866,2.2917476627463653,61.63671200757483,2051.515,2089.39741834942,2013.6325816505796,26.47488398335363,2056.1626746712136,2026-03-31 16:00:00,1774972800
2041.2974,,2064.1391690851447,8.383741292610921,4.529157893763677,3.854583398847244,61.98888107946015,2054.383,2095.6653652907694,2013.10063470923,27.09453512739981,2062.0251846861684,2026-03-31 17:00:00,1774976400
2043.3388,,2070.639320160573,10.78854890209277,5.781036095429496,5.007512806663275,63.411756029591864,2057.7234999999996,2102.254520322923,2013.1924796770763,26.715639761156964,2064.292463966747,2026-03-31 18:00:00,1774980000
2045.3676,,2075.348534676832,12.282474534568792,7.081323783257355,5.201150751311436,62.126906940085256,2061.2264999999998,2106.393308731641,2016.0596912683586,25.648094063931467,2066.0063173128924,2026-03-31 19:00:00,1774983600
2047.5741999999998,,2081.2233465537715,14.200023397226232,8.505063706051132,5.6949596911751,64.684834551161,2064.777,2112.7356230411247,2016.8183769588754,24.86537305936494,2067.910509356494,2026-03-31 20:00:00,1774987200
2049.709,,2085.1154653621766,15.139299305037639,9.831910825848434,5.307388479189205,62.62444542584316,2066.2585,2116.897383587622,2015.619616412378,24.22570355512461,2068.28703597472,2026-03-31 21:00:00,1774990800
2051.5892,,2087.18719893269,15.21446647719722,10.908421956118191,4.306044521079029,60.11544372958078,2067.4295,2119.70289991813,2015.1561000818704,23.63243901547286,2068.8078916098752,2026-03-31 22:00:00,1774994400
2053.5676000000003,,2090.504071854019,15.811540854504983,11.889045735795552,3.9224951187094312,62.47523279405064,2069.3655,2124.194507094792,2014.5364929052078,23.047979085796214,2069.750072025282,2026-03-31 23:00:00,1774998000
2056.3822,,2094.906967880561,16.84022829137575,12.879282246911592,3.96094604446416,64.81040156178929,2072.058,2130.14580615586,2013.9701938441399,22.89455200823935,2071.4192692709903,2026-04-01 00:00:00,1775001600
2058.5484,,2094.5511555386406,15.717630376771467,13.446951872883567,2.2706785038879005,56.01366379827275,2073.49,2132.152420338755,2014.8275796612447,23.004226864793672,2072.1876143027316,2026-04-01 01:00:00,1775005200
2060.3723999999997,,2093.441854531615,14.300009442232295,13.617563386753314,0.6824460554789802,54.370873932558325,2074.796,2133.569363150332,2016.0226368496678,22.38249637445128,2072.763133262255,2026-04-01 02:00:00,1775008800
2062.222,,2095.1633355258664,14.179878972810002,13.730026503964652,0.44985246884535,58.57513432233427,2077.143,2136.468123885255,2017.8178761147453,22.100175204847638,2073.916819197812,2026-04-01 03:00:00,1775012400
2063.8486,,2098.0900017938907,14.590262462888859,13.902073695749493,0.6881887671393656,60.82011925683814,2080.701,2139.243207303798,2022.158792696202,21.67230554735853,2075.7017312194976,2026-04-01 04:00:00,1775016000
2065.5843999999997,,2102.5590923768195,15.655716622205546,14.252802281040704,1.4029143411648413,63.7139669267151,2085.916,2139.708692961042,2032.1233070389583,22.33356943683291,2082.0731285552138,2026-04-01 05:00:00,1775019600
2067.6412,,2111.408348308307,18.59035202768473,15.12031223036951,3.47003979731522,69.73892640670118,2092.1524999999997,2145.8666470657495,2038.4383529342497,23.142600191344833,2089.187370784194,2026-04-01 06:00:00,1775023200
2069.3044,,2114.9704667977053,19.063922763856226,15.909034337066853,3.1548884267893733,61.89886142900434,2096.6425,2147.506666119195,2045.778333880805,23.475271606248786,2093.954825742304,2026-04-01 07:00:00,1775026800
2071.1944,,2118.968563743577,19.693142881781114,16.665856046009708,3.027286835771406,63.211051770890386,2101.1014999999998,2149.6321506344298,2052.5708493655698,23.079180777231006,2097.9216473130186,2026-04-01 08:00:00,1775030400
2072.7306,,2122.136097608381,19.916228240476812,17.315930484903127,2.600297755573685,62.987629005359366,2104.1525,2153.494401817838,2054.8105981821623,22.312096436000232,2100.6108539241427,2026-04-01 09:00:00,1775034000
2074.137,,2124.047716225039,19.56569707432118,17.76588380278674,1.7998132715344397,61.45280857106681,2108.488,2151.4312125486813,2065.5447874513184,21.550518119143046,2107.538093503551,2026-04-01 10:00:00,1775037600
2075.7401999999997,,2126.097222365941,19.281084940446817,18.068924030318755,1.2121609101280626,62.16166562442762,2112.5114999999996,2149.225932189552,2075.797067810447,20.629766824918534,2111.57410940264,2026-04-01 11:00:00,1775041200
2077.201,,2126.955909208497,18.479396403189185,18.151018504892843,0.3283778982963419,60.15388820935266,2114.4675,2150.7037017187413,2078.231298281259,21.30264062313865,2116.045818431009,2026-04-01 12:00:00,1775044800
2078.161,,2125.5602893524065,16.720131635785492,17.864841131071373,-1.1447094952858805,55.22752444900745,2115.7635,2150.7187652829484,2080.8082347170516,21.68030915005733,2120.546727520693,2026-04-01 13:00:00,1775048400
2079.2064,,2125.787509470151,15.751931243823037,17.442259153621706,-1.6903279097986683,57.663917180758126,2117.1095,2151.586088273803,2082.632911726197,21.31385849648179,2122.3337892973614,2026-04-01 14:00:00,1775052000
2080.6888,,2127.469780475578,15.470384711728911,17.047884265243148,-1.5774995535142367,60.21235457285347,2119.0345,2152.997602611531,2085.0713973884694,20.900011461018803,2123.7454353587204,2026-04-01 15:00:00,1775055600
2082.1778,,2130.8552749345636,15.954980622916992,16.829303536777918,-0.8743229138609259,63.398120139937,2120.9559999999997,2156.4418824886934,2085.470117511306,21.372153499517474,2125.8117229849504,2026-04-01 16:00:00,1775059200
2083.4314,,2132.0106794919157,15.444450574726488,16.55233294436763,-1.1078823696411426,59.289652673824826,2122.6850000000004,2157.7985321493215,2087.5714678506793,22.266285392409074,2127.59780738359,2026-04-01 17:00:00,1775062800
2084.6924000000004,,2131.505101402476,14.231876313896919,16.08824161827349,-1.8563653043765704,55.790686180707496,2124.321,2157.393578308947,2091.248421691053,21.696550721522712,2128.4940256602795,2026-04-01 18:00:00,1775066400
2086.685,,2133.3096284202074,14.092886493429887,15.68917059330477,-1.5962840998748824,59.705805304036915,2126.121,2158.8013463262164,2093.440653673784,21.395368527128234,2129.606880356151,2026-04-01 19:00:00,1775070000
2088.9112,,2135.2387868892606,14.022021118495559,15.35574069834293,-1.3337195798473704,60.475158119539266,2127.5809999999997,2160.699619476081,2094.4623805239185,21.079270775190523,2130.5423517422896,2026-04-01 20:00:00,1775073600
2091.575,,2139.175371091213,14.841348575529992,15.252862273780343,-0.4115136982503511,64.29891120540103,2130.778,2162.2089081001723,2099.3470918998273,21.15218000553405,2134.369702164092,2026-04-01 21:00:00,1775077200
2093.91,,2139.316212710992,13.962800588014943,14.994849936627263,-1.0320493486123201,56.5974258845619,2133.353,2158.2502424979457,2108.4557575020544,21.169881433710195,2136.006854762784,2026-04-01 22:00:00,1775080800
2095.9970000000003,,2139.5041740362662,13.14726811246328,14.625333571794467,-1.4780654593311873,56.72922025596326,2135.225,2155.968468851702,2114.481531148298,20.40774704558804,2136.780036894234,2026-04-01 23:00:00,1775084400
2098.4582,,2142.528869666036,13.618092889595573,14.42388543535469,-0.8057925457591164,61.67636778235468,2137.469,2157.033574005113,2117.904425994887,20.612907970903162,2137.965888014953,2026-04-02 00:00:00,1775088000
2099.9292,,2134.8018024540293,9.355769362966385,13.41026222087703,-4.054492857910645,42.90455049301114,2136.337,2161.119665796914,2111.554334203086,23.86555740155294,2133.939308512087,2026-04-02 01:00:00,1775091600
2100.674,,2123.7269292805695,3.8244814789918564,11.493106072499996,-7.66862459350814,37.22093368347931,2132.4700000000003,2168.3856099767427,2096.554390023258,24.663017587156318,2128.686808103915,2026-04-02 02:00:00,1775095200
2100.3406,,2111.472942138648,-1.9535301848513882,8.80377882102972,-10.757309005881108,33.96581323901344,2128.7365,2177.6568709205217,2079.8161290794783,25.057802045216583,2124.673487062197,2026-04-02 03:00:00,1775098800
2099.77,,2099.3069526588934,-7.3971173267814265,5.563599591467491,-12.960716918248917,31.94896496697426,2124.1164999999996,2185.0380604773986,2063.1949395226006,24.459387613415387,2121.4408462060733,2026-04-02 04:00:00,1775102400
2099.44,,2090.38023399364,-11.127026143657531,2.225474444442486,-13.352500588100018,33.97567604528693,2119.8075,2188.360202317278,2051.254797682722,23.623002783885717,2118.79042606693,2026-04-02 05:00:00,1775106000
2099.2244,,2083.0547369038873,-13.932088309089067,-1.0060381062638246,-12.926050202825243,33.95254757261405,2115.6795,2190.314823131888,2041.0441768681126,22.517788299322458,2116.4999876435622,2026-04-02 06:00:00,1775109600
2099.06,,2078.1520574668166,-15.492383871075162,-3.9033072592260925,-11.58907661184907,36.287915696098345,2111.718,2190.080550902847,2033.355449097153,21.80008913508516,2114.5963141755183,2026-04-02 07:00:00,1775113200
2098.7392,,2072.3589561092135,-17.320052657576525,-6.586656338896179,-10.733396318680345,34.163123986881416,2107.4914999999996,2190.2708665776754,2024.7121334223239,21.00936848257909,2112.3039259913107,2026-04-02 08:00:00,1775116800
2098.4998,,2067.202782271175,-18.73728543722791,-9.016782158562526,-9.720503278665385,33.66704207630342,2103.7275,2190.7573403709966,2016.697659629003,20.142270733823437,2109.9633595496084,2026-04-02 09:00:00,1775120400
2098.4736,,2062.036821858234,-20.04973521687225,-11.223372770224472,-8.826362446647778,32.51038440435825,2099.3265,2190.0653193167686,2008.5876806832316,19.597108538550334,2107.2501719626794,2026-04-02 10:00:00,1775124000
2098.7664,,2056.7592178840096,-21.310603446316236,-13.240818905442826,-8.06978454087341,31.228565379829732,2094.225,2187.7873692517514,2000.6626307482484,19.30802935722531,2104.6306440100147,2026-04-02 11:00:00,1775127600
2098.776,,2051.3448146323713,-22.53663293153477,-15.099981710661215,-7.436651220873554,29.903898799453714,2088.2695,2183.0240638953665,1993.5149361046335,18.61531297456635,2099.6657850661154,2026-04-02 12:00:00,1775131200
2098.7282,,2049.0657574264856,-22.296665913611378,-16.53931855125125,-5.757347362360129,35.66924401792552,2083.3495,2177.645924635301,1989.0530753646988,18.99850490495447,2092.46542372788,2026-04-02 13:00:00,1775134800
2099.049,,2051.7483469853064,-19.85946479229142,-17.203347799459284,-2.6561169928321355,45.815782182783416,2080.079,2172.2978008813875,1987.8601991186126,20.443611697457705,2087.835218669799,2026-04-02 14:00:00,1775138400
2098.7336,,2053.175920260705,-18.060296223824025,-17.374737484332233,-0.6855587394917926,44.539267681258984,2075.9875,2164.1262235839104,1987.8487764160898,20.36121086192501,2084.8214628608484,2026-04-02 15:00:00,1775142000
2099.081,,2055.018480213304,-16.148921462502585,-17.129574279966306,0.9806528174637208,45.96466084375367,2071.957,2154.4956804110707,1989.4183195889289,20.7011243717875,2082.338601488135,2026-04-02 16:00:00,1775145600
2098.9285999999997,,2053.602392901794,-15.750107373574792,-16.853680898688005,1.1035735251132124,41.041246038454624,2066.474,2139.7675373413026,1993.180462658698,21.18675834523125,2074.124382264166,2026-04-02 17:00:00,1775149200
2098.261,,2054.460139646922,-14.373485425001036,-16.357641803950614,1.984156378949578,45.386105186057016,2062.3925,2127.4990363462134,1997.2859636537862,21.05556132057187,2066.331775112383,2026-04-02 18:00:00,1775152800
2097.7006,,2056.4382960747544,-12.571135061588393,-15.600340455478172,3.0292053938897787,47.99846971891564,2058.642,2113.1292394602697,2004.1547605397298,20.38659265481674,2064.8256340761227,2026-04-02 19:00:00,1775156400
2097.0666,,2058.5749695157083,-10.78842597274297,-14.637957558931133,3.849531586188162,49.06371670201262,2054.2445,2086.0024611908693,2022.4865388091303,19.866121750901254,2061.385975627959,2026-04-02 20:00:00,1775160000
2096.3954,,2059.375884149216,-9.684384082932866,-13.647242863731481,3.9628587807986158,47.161755313120594,2052.3920000000003,2076.6992101237634,2028.0847898762374,19.472113054408304,2054.3586591829107,2026-04-02 21:00:00,1775163600
2095.4428,,2059.4948143039037,-8.9443582822787,-12.706665947440925,3.7623076651622256,46.07269031352119,2051.699,2074.241281960812,2029.156718039188,18.895533550522003,2052.5312138617055,2026-04-02 22:00:00,1775167200
2094.5336,,2059.072120794103,-8.49078412755216,-11.863489583463172,3.372705455911012,44.9880403239053,2051.741,2074.320737731,2029.1612622689997,18.109424011198993,2052.2926903485472,2026-04-02 23:00:00,1775170800
2093.6636000000003,,2057.9699170133567,-8.37051054048652,-11.164893774867844,2.794383234381323,43.388011624874714,2052.1635,2074.5049245517325,2029.8220754482677,17.50089372468479,2052.735231571261,2026-04-03 00:00:00,1775174400
2092.5672,,2056.6317502836555,-8.372341655571745,-10.606383351008624,2.234041695436879,42.449994156870616,2052.1835,2074.5186089319204,2029.8483910680795,17.47154417292157,2052.8076263026105,2026-04-03 01:00:00,1775178000
2091.3224,,2055.876886595718,-8.129191199806428,-10.110944920768185,1.9817537209617573,43.47539521400122,2052.303,2074.617591728301,2029.988408271699,17.58571958914145,2052.9246694028925,2026-04-03 02:00:00,1775181600
2090.548,,2055.577452669224,-7.706447210818169,-9.630045378778183,1.923598167960014,44.472492859949384,2052.21,2074.4761357222296,2029.9438642777702,16.839596761345625,2052.803577125475,2026-04-03 03:00:00,1775185200
2089.8696,,2055.387006729365,-7.263483148667092,-9.156732932755965,1.893249784088873,44.65273825797477,2052.6220000000003,2074.7391658220663,2030.5048341779345,16.273196992678102,2053.0606146135497,2026-04-03 04:00:00,1775188800
2088.9538000000002,,2055.702096414935,-6.627047109675004,-8.650795768139773,2.0237486584647684,46.274183279333414,2053.2780000000002,2075.1097728093887,2031.4462271906118,16.34154006462967,2053.5886994085154,2026-04-03 05:00:00,1775192400
2088.0018,,2057.148987975856,-5.531183579300432,-8.026873330371904,2.495689751071472,50.23844821311267,2054.5215,2075.7351251263367,2033.307874873663,16.005001488584703,2054.5717147772702,2026-04-03 06:00:00,1775196000
2086.8654,,2058.730990162064,-4.4348667554536405,-7.308472015388252,2.873605259934611,51.52823964307521,2056.1635,2075.4599061680087,2036.8670938319917,15.788215667971528,2055.8273484939286,2026-04-03 07:00:00,1775199600
2085.06,,2059.136264678052,-3.9154747509528534,-6.6298725625011725,2.714397811548319,48.50507250878983,2057.8625,2071.8292761133616,2043.895723886639,15.596914548830714,2057.6298083277893,2026-04-03 08:00:00,1775203200
2083.667,,2059.538762009315,-3.4328117873023984,-5.990460407461418,2.5576486201590196,48.76326211458965,2058.9895,2069.9358829186067,2048.0431170813936,14.984992081057074,2059.8755588205,2026-04-03 09:00:00,1775206800
2082.1258000000003,,2059.604441643985,-3.1312061971225376,-5.418609565393643,2.2874033682711055,47.80358995802739,2058.7935,2069.525167670999,2048.0618323290014,14.478206932410131,2058.9010363776347,2026-04-03 10:00:00,1775210400
2080.6508000000003,,2060.1563613450785,-2.640646760974505,-4.863017004509815,2.22237024353531,49.81353415993296,2058.9455000000003,2069.803920649467,2048.0870793505337,13.931192151523707,2058.8930732472945,2026-04-03 11:00:00,1775214000
2078.9946,,2058.280659282337,-3.2472951028985335,-4.539872624187559,1.2925775212890258,41.72946104453861,2058.272,2069.6237903434107,2046.9202096565891,15.556106997843463,2057.2608647975603,2026-04-03 12:00:00,1775217600
2077.2516,,2056.4423575946394,-3.8188025491022017,-4.395658609170488,0.5768560600682866,40.799156281159796,2058.319,2069.49393785221,2047.1440621477898,15.12567078371177,2057.554059539676,2026-04-03 13:00:00,1775221200
2075.727,,2056.1055653047047,-3.7109089237733315,-4.258708672091057,0.5477997483177255,45.801494168528244,2058.1325,2069.425028282044,2046.8399717179566,14.888122870589498,2057.370985477982,2026-04-03 14:00:00,1775224800
2074.3666,,2055.224553431122,-3.8497283463930216,-4.176912606951451,0.327184260558429,43.73711645092784,2057.4285,2068.590729660814,2046.2662703391861,14.426828379833095,2056.7679197895745,2026-04-03 15:00:00,1775228400
2072.9244,,2055.1291800800086,-3.6402024997687477,-4.06957058551491,0.42936808574616236,46.4235867581792,2056.754,2066.808975683747,2046.6990243162527,13.87491206698786,2056.0738040990395,2026-04-03 16:00:00,1775232000
2071.2308000000003,,2054.262056429098,-3.7807711099658263,-4.011810690405094,0.2310395804392673,43.595347340984965,2056.123,2066.119695654102,2046.1263043458982,13.71384691934588,2055.5478922071125,2026-04-03 17:00:00,1775235600
2069.2942,,2053.3525916238073,-3.9355667890663426,-3.9965619101373435,0.06099512107100091,42.88225990793443,2055.5845,2065.8383392322453,2045.3306607677546,13.11142928224976,2055.2587156995432,2026-04-03 18:00:00,1775239200
2067.6036000000004,,2053.2303022376605,-3.739175178230198,-3.945084563755915,0.2059093855257168,45.84801397014343,2055.36,2065.661654236128,2045.0583457638722,12.810612904946213,2055.124970099732,2026-04-03 19:00:00,1775242800
2066.074,,2053.142974558086,-3.5371113785354282,-3.863489926711818,0.32637854817638967,45.909920769757676,2055.347,2065.6611322466183,2045.0328677533819,12.109854840307197,2055.1326599029376,2026-04-03 20:00:00,1775246400
2064.4138000000003,,2054.102433729343,-2.8861826308711898,-3.6680284675436927,0.781845836672503,50.814797836551165,2055.7375,2065.894871461197,2045.5801285388034,11.834150923142397,2055.493206192923,2026-04-03 21:00:00,1775250000
2062.5712,,2053.681991233099,-2.872193639044326,-3.50886150184382,0.6366678627994937,45.606967164378176,2055.7030000000004,2065.9089651185345,2045.4970348814663,11.713140142917931,2055.746525324248,2026-04-03 22:00:00,1775253600
2060.51,,2053.70890191799,-2.6657670085355676,-3.34024260318217,0.6744755946466023,47.39348560199248,2055.683,2065.9019923182636,2045.4640076817361,11.224344418423787,2055.7451679722167,2026-04-03 23:00:00,1775257200
2058.7562000000003,,2053.445465205628,-2.598899796500973,-3.191974041845931,0.5930742453449578,46.1375343652735,2055.5695,2065.8871440625144,2045.251855937486,10.591176959964955,2055.7306897001,2026-04-04 00:00:00,1775260800
2056.9746,,2053.0499260773317,-2.5958682224400036,-3.0727528779647453,0.4768846555247417,45.32192408350123,2055.277,2065.732997513424,2044.821002486576,10.136807177110317,2055.561336433077,2026-04-04 01:00:00,1775264400
2054.8544,,2052.5190304269076,-2.6548506846725104,-2.989172439306299,0.33432175463378844,44.34968474934226,2054.6005,2064.53733344938,2044.6636665506196,9.79703523588816,2054.856668643957,2026-04-04 02:00:00,1775268000
2053.8548,,2052.0701158038337,-2.677189073205227,-2.9267757660860845,0.24958669288085744,44.27790173365323,2053.8105000000005,2062.4751072617705,2045.1458927382307,9.262247004753288,2053.9203552491126,2026-04-04 03:00:00,1775271600
2053.4012,,2051.913731112227,-2.5716457699395505,-2.8557497668567775,0.284103996917227,45.65153602025991,2053.323,2061.401009903479,2045.2449900965205,8.829943647270914,2053.0552543084655,2026-04-04 04:00:00,1775275200
2053.3504000000003,,2052.254870910004,-2.253836677410618,-2.735367148967546,0.48153047155692796,48.68167490372999,2052.945,2060.1449847222552,2045.745015277745,8.521376243894403,2052.569747305797,2026-04-04 05:00:00,1775278800
2053.5884,,2053.0194398354574,-1.7661647481936598,-2.541526668812769,0.7753619206191091,51.68390077633095,2052.773,2059.4451873475427,2046.1008126524578,8.28342079790195,2052.350960747501,2026-04-04 06:00:00,1775282400
2053.6606,,2053.1649962290103,-1.5745566583714208,-2.3481326667244993,0.7735760083530785,48.65309102686192,2052.332,2057.280521395397,2047.383478604603,8.103890740908954,2052.028357235972,2026-04-04 07:00:00,1775286000
2053.6702,,2052.6931787328267,-1.6657519537147891,-2.2116565241225574,0.5459045704077683,45.143453322188044,2052.3685,2057.2533184204435,2047.4836815795568,7.925041402272593,2052.486199319921,2026-04-04 08:00:00,1775289600
2053.5570000000002,,2052.2816916904944,-1.7293864221037438,-2.1152025037187947,0.3858160816150509,44.992887958244985,2052.4815000000003,2057.06805110085,2047.894948899151,7.536109873538838,2052.9546664091577,2026-04-04 09:00:00,1775293200
2053.7176,,2052.6522932013136,-1.4492209893928703,-1.98200620085361,0.5327852114607396,49.98450355547149,2052.468,2057.031176963553,2047.9048230364465,7.499959168286063,2052.8698245178252,2026-04-04 10:00:00,1775296800
2053.8744,,2052.5046035283476,-1.4110375764212222,-1.8678124759671324,0.4567748995459102,47.052962226692784,2052.4970000000003,2057.0364100939114,2047.957589906089,7.230676370551345,2052.974790956559,2026-04-04 11:00:00,1775300400
2054.1016,,2052.0764937959207,-1.4998564115412591,-1.7942212630819578,0.2943648515406987,45.11133426458274,2052.2695,2056.800532884531,2047.738467115469,7.06491377265481,2052.711005662471,2026-04-04 12:00:00,1775304000
2054.5132,,2052.351676742117,-1.2779354828003306,-1.6909641070256325,0.41302862422530184,49.66446536403755,2052.431,2056.9082129724534,2047.9537870275467,6.917419931750895,2052.9872491236592,2026-04-04 13:00:00,1775307600
2055.0356,,2052.4877355162776,-1.1285907610485992,-1.5784894378302259,0.44989867678162665,49.040437278667255,2052.623,2056.862863677137,2048.3831363228633,7.141175650911525,2053.1143213852256,2026-04-04 14:00:00,1775311200
2055.3851999999997,,2053.1790563315,-0.7442484205184883,-1.4116412343678786,0.6673928138493903,53.16613720428654,2052.8035,2057.335039583928,2048.271960416072,7.321805961560708,2053.509748292201,2026-04-04 15:00:00,1775314800
2055.2238,,2053.6465006348635,-0.4777209637436499,-1.2248571802430328,0.7471362164993829,52.39286596008477,2052.9535,2057.663133849962,2048.2438661500382,7.421676964306357,2053.6857874527295,2026-04-04 16:00:00,1775318400
2055.1714,,2054.2525914285243,-0.16533938406246307,-1.012953621006919,0.8476142369444559,54.032852712556775,2052.8815,2057.2889857913224,2048.4740142086775,7.264414323998746,2053.4743358548317,2026-04-04 17:00:00,1775322000
2055.0082,,2054.415756623338,-0.06469467765646186,-0.8233018323368275,0.7586071546803657,51.20651419691901,2053.0495,2057.533246090125,2048.565753909875,6.983384729427402,2053.6189659484558,2026-04-04 18:00:00,1775325600
2055.3578,,2056.287437237276,0.7775163564524519,-0.5031381945789717,1.2806545510314236,62.30061349067119,2053.5935,2060.375229204319,2046.811770795681,8.546000105896884,2056.0850864034096,2026-04-04 19:00:00,1775329200
2055.4476,,2057.4733577395896,1.2769407694272559,-0.14712240177772623,1.424063171204982,59.409491414292276,2054.121,2061.963955820398,2046.278044179602,8.31342866976139,2056.477793935493,2026-04-04 20:00:00,1775332800
2055.5174,,2059.538201786937,2.1339035913370026,0.30908279684521955,1.824820794491783,64.95815775954503,2054.999,2065.00268512103,2044.9953148789696,8.37104090763557,2057.1290640555003,2026-04-04 21:00:00,1775336400
2055.5364,,2061.283983280221,2.8057245647269156,0.8084111504215588,1.9973134143053568,65.22180368152092,2055.9495,2067.4260874283573,2044.472912571643,8.070252271375908,2057.695101035389,2026-04-04 22:00:00,1775340000
2055.5872,,2062.0541681383625,3.0113310303204344,1.248995126401334,1.7623359039191004,59.5841732134448,2056.723,2068.5837303316753,2044.8622696683246,7.965234251991909,2058.055865674712,2026-04-04 23:00:00,1775343600
2055.6286,,2062.0625012041146,2.8652810414796477,1.5722523094169967,1.293028732062651,54.76768600199433,2057.2675,2069.065584378437,2045.4694156215626,7.7748603768496425,2058.2658912216807,2026-04-05 00:00:00,1775347200
2055.6326,,2061.209319167003,2.3408796993226133,1.7259777873981201,0.6149019119244932,48.88234968563372,2057.4465,2069.1362446935645,2045.7567553064353,7.597370349931809,2058.339942080592,2026-04-05 01:00:00,1775350800
2055.7696,,2060.963988409366,2.1019797338231,1.8011781766831163,0.3008015571399838,51.81768325747158,2057.6165,2069.342747950676,2045.8902520493243,7.466129610650948,2058.4660066759106,2026-04-05 02:00:00,1775354400
2055.8902,,2060.177808698572,1.6339871143140954,1.7677399642093121,-0.13375284989521674,47.98066349360239,2057.7575,2069.3649715162574,2046.1500284837427,7.302834638461615,2058.6030666428346,2026-04-05 03:00:00,1775358000
2055.9438,2051.44695,2059.265479844286,1.130642616244586,1.640320494616367,-0.509677878371781,46.284219540051105,2057.987,2069.1914671448812,2046.7825328551187,7.06548930714293,2058.796743768714,2026-04-05 04:00:00,1775361600
2055.8312,2051.7613,2057.326301690779,0.20009473181744397,1.3522753420565825,-1.1521806102391385,39.60073008749306,2057.8954999999996,2069.371914901907,2046.4190850980922,7.247954356632713,2058.539226061754,2026-04-05 05:00:00,1775365200
2055.5069999999996,2052.0253,2053.8706104742737,-1.351304262897429,0.8115594210657802,-2.1628636839632094,31.841224623961594,2057.0955,2071.351421541616,2042.8395784583834,8.24310047401608,2056.1320907562435,2026-04-05 06:00:00,1775368800
2055.1104,2052.248,2050.8559540244055,-2.6335535691505356,0.122536823022517,-2.7560903921730526,31.181955121269098,2056.3679999999995,2072.922207441032,2039.8137925589672,8.233593297300638,2055.4781992875246,2026-04-05 07:00:00,1775372400
2054.6204,2052.48085,2048.729416929059,-3.4589790533186715,-0.5937663522457207,-2.865212701072951,33.85945854416251,2055.8185000000003,2073.827506940993,2037.8094930590075,7.933336633207734,2055.267137410448,2026-04-05 08:00:00,1775376000
2054.1918,2052.7508,2047.9458865783208,-3.6466602269169925,-1.2043451271799752,-2.4423150997370175,40.83275133010678,2055.3599999999997,2074.0274947435564,2036.6925052564427,7.875955445121476,2055.0882340983817,2026-04-05 09:00:00,1775379600
2053.8674,2053.0379,2047.362998109535,-3.72661943441517,-1.7087999886270144,-2.0178194457881555,41.23864369614601,2054.942,2074.1594874528573,2035.7245125471427,8.034101484755666,2054.820387113534,2026-04-05 10:00:00,1775383200
2053.4868,2053.3035499999996,2046.4460893623466,-3.9398453726610114,-2.1550090654338137,-1.7848363072271978,39.0565497008565,2054.2434999999996,2074.2149739316033,2034.272026068396,7.839522807273115,2054.403095550366,2026-04-05 11:00:00,1775386800
2052.856,2053.49135,2043.1577094782833,-5.1756224425387245,-2.759131740854796,-2.4164907016839283,29.394154623611158,2052.874,2075.7845839297192,2029.9634160702801,8.766699749610746,2051.1421923067314,2026-04-05 12:00:00,1775390400
2052.3358,2053.70335,2041.9708532095044,-5.425127298510688,-3.2923308523859744,-2.1327964461247135,39.018932464523864,2051.8565000000003,2075.7344247632777,2027.9785752367231,9.000506910352833,2050.0748789244117,2026-04-05 13:00:00,1775394000
2052.1088,2053.8910499999997,2041.3379708077764,-5.4104074301296805,-3.7159461679347157,-1.6944612621949648,40.96801209612837,2051.0235000000002,2075.5376381859683,2026.5093618140322,8.938327845327622,2049.2488560041006,2026-04-05 14:00:00,1775397600
2052.2224,2054.12495,2043.6128852063625,-4.111918559687183,-3.7951406462852093,-0.3167779134019737,54.033812025198905,2050.4805,2074.227022671767,2026.7339773282333,10.822018713518503,2047.182100552229,2026-04-05 15:00:00,1775401200
2052.1736,2054.3895,2045.1650878961145,-3.1833370394297162,-3.672779924914111,0.48944288548439463,52.64498552382948,2049.9474999999998,2073.032454299299,2026.8625457007006,10.692588805410054,2046.7783640956984,2026-04-05 16:00:00,1775404800
2052.399,2054.70455,2048.3223446422753,-1.5915043721120128,-3.256524814353692,1.665020442241679,59.49139392496143,2049.6325,2071.8332278034018,2027.4317721965986,10.918118176452188,2047.308392204478,2026-04-05 17:00:00,1775408400
2052.5648,2055.0360499999997,2050.9891910709525,-0.289510067266292,-2.663121864936212,2.37361179766992,59.768983400784784,2049.325,2070.586941115541,2028.0630588844588,10.816824020991318,2047.5088988041514,2026-04-05 18:00:00,1775412000
2052.805,2055.3597,2053.058429058052,0.684411511370854,-1.993615189674799,2.6780267010456527,59.18034078477402,2049.1675,2069.9893566655505,2028.3456433344493,10.879908019491925,2047.8406743897924,2026-04-05 19:00:00,1775415600
2053.1980000000003,2055.7059,2055.9405328656785,1.9613653235637685,-1.2026190870270854,3.163984410590854,63.28766156117498,2049.5080000000003,2071.3618166918445,2027.654183308156,11.039200303813939,2048.8590272189167,2026-04-05 20:00:00,1775419200
2053.3446,2055.87395,2056.68043598101,2.229504460483895,-0.5161943775248894,2.745698838008784,55.15437365334758,2049.64,2071.712965364915,2027.567034635085,11.135685996398648,2049.3507859386677,2026-04-05 21:00:00,1775422800
2054.0054,2056.1987,2061.9730839844624,4.4707017391478985,0.4811848458096682,3.98951689333823,67.98774907540503,2050.9365,2077.787328125045,2024.0856718749544,13.054565568084458,2054.1003269853136,2026-04-05 22:00:00,1775426400
2055.0404,2056.61535,2070.736159623651,8.120520669848702,2.009052010617475,6.111468659231226,75.21206365533392,2053.613,2090.862535352816,2016.3634646471835,15.060668027506988,2066.256483585552,2026-04-05 23:00:00,1775430000
2056.4444,2057.1014,2080.055039692078,11.830429852934685,3.973327579080917,7.857102273853768,77.82491223693583,2056.9545000000003,2104.6773412712478,2009.2316587287528,15.786334596970761,2073.4525195793904,2026-04-06 00:00:00,1775433600
2057.6702,2057.5728,2086.430487020791,14.054199955318836,5.989502054328501,8.064697900990335,73.00800487030729,2060.2805,2114.094122987127,2006.4668770128726,15.519453554330005,2076.9926798934557,2026-04-06 01:00:00,1775437200
2059.2968,2058.13175,2095.0049439261015,17.10969846909211,8.213541337281223,8.896157131810886,77.10996114429908,2065.0440000000003,2126.554536788429,2003.5334632115716,16.74306401473498,2085.864981540187,2026-04-06 02:00:00,1775440800
2060.8584,2058.6757,2101.249499575901,18.970391624110107,10.364911394646999,8.605480229463108,74.31784926098206,2069.647,2135.7665215046254,2003.5274784953747,16.30998801368247,2088.9404858517837,2026-04-06 03:00:00,1775444400
2062.4770000000003,2059.2080499999997,2106.669590562101,20.348423108820953,12.36161373748179,7.986809371339163,74.71549084669988,2074.2419999999997,2143.925246939279,2004.5587530607204,15.834274584133729,2091.3221418284293,2026-04-06 04:00:00,1775448000
2064.1018,2059.8164500000003,2111.1460286417187,21.21453412266783,14.132197814519,7.082336308148829,74.77207025849091,2078.5855,2151.0652589606957,2006.1057410393043,15.14611211383845,2092.91134513302,2026-04-06 05:00:00,1775451600
2065.6282,2060.39465,2114.1249325250424,21.351407035252578,15.576039658665717,5.7753673765868605,71.93802297655895,2082.725,2156.4459797818813,2009.0040202181187,15.418532677135708,2095.7261836806397,2026-04-06 06:00:00,1775455200
2067.2504,2061.0954500000003,2117.902217520489,21.803242997702,16.821480326472976,4.981762671229024,74.01687419581404,2087.3540000000003,2161.966369055007,2012.7416309449936,15.615066057340307,2098.245379896792,2026-04-06 07:00:00,1775458800
2068.8908,2061.79205,2121.643632516764,22.19435957229689,17.89605617563776,4.298303396659129,74.98623280015485,2092.86,2165.4716839083108,2020.2483160916893,15.537561338958838,2103.26658287591,2026-04-06 08:00:00,1775462400
2070.8338,2062.5215000000003,2126.9756993318974,23.244216038748164,18.96568814825984,4.2785278904883235,78.0613835097952,2098.577,2170.5819451357365,2026.572054864264,17.02202124331893,2111.210070139883,2026-04-06 09:00:00,1775466000
2072.8877999999995,2063.2432,2131.7564812715523,23.985337588945185,19.96961803639691,4.015719552548276,78.58352167689206,2104.316,2174.5238555148944,2034.108144485105,16.387591154510428,2114.223255109275,2026-04-06 10:00:00,1775469600
2074.9098,2063.94535,2135.3516664949066,24.153847776832208,20.80646398448397,3.3473837923482392,77.088755256803,2109.2,2178.2666205920073,2040.1333794079924,15.723477500616804,2119.498739406985,2026-04-06 11:00:00,1775473200
2076.6952,2064.63405,2136.8495453140144,23.377223590398444,21.320615905666866,2.0566076847315777,70.49884105337041,2113.772,2179.133909886418,2048.4100901135816,15.47251482200132,2121.4395171067554,2026-04-06 12:00:00,1775476800
2078.5782,2065.3374500000004,2138.511446166012,22.693803232475148,21.595253371028527,1.098549861446621,71.29754028367027,2117.945,2180.2745671411267,2055.6154328588736,15.188763763286941,2124.5792174094513,2026-04-06 13:00:00,1775480400
2080.7094,2066.0960999999998,2141.8202741358277,22.75489778700876,21.827182254224574,0.927715532784184,74.60477137721247,2122.6310000000003,2181.738319309881,2063.52368069012,16.1024234944807,2129.0636529104563,2026-04-06 14:00:00,1775484000
2082.9306,2066.88865,2145.971133383859,23.17683912988241,22.097113629356144,1.0797255005262656,76.74234801568056,2127.745,2182.6622546655426,2072.827745334457,15.95939324487493,2132.278258647893,2026-04-06 15:00:00,1775487600
2084.681,2067.57045,2144.9982000413393,21.326373354300813,21.942965574345077,-0.6165922200442644,60.221298441059986,2131.3305,2179.3442823858945,2083.3167176141055,16.83872229881243,2133.9463479845294,2026-04-06 16:00:00,1775491200
2086.2542000000003,2068.24915,2143.1712545792775,19.181234944892367,21.390619448454537,-2.2093845035621698,57.0978367916269,2135.0775000000003,2170.212392557115,2099.9426074428857,16.87881356318298,2135.438765530282,2026-04-06 17:00:00,1775494800
2088.036,2068.9939,2143.4746628375906,18.070927245842086,20.726681007932047,-2.6557537620899616,60.90662756028419,2138.0299999999997,2165.1003047637064,2110.959695236293,16.88104116581279,2138.1500933854486,2026-04-06 18:00:00,1775498400
2089.7814,2069.69625,2143.615633230756,16.948026031533118,19.97095001265226,-3.022923981119142,60.56121121797377,2139.734,2163.6857994313564,2115.7822005686435,16.38953822539759,2141.302246350008,2026-04-06 19:00:00,1775502000
2091.6546,2070.4319,2144.5600635524365,16.238880908852025,19.224536191892213,-2.985655283040188,62.33895124966194,2141.075,2163.8785177110876,2118.271482288912,16.262428352154913,2142.906595750788,2026-04-06 20:00:00,1775505600
2093.1512,2071.1941500000003,2143.6473247247204,14.758737226878566,18.331376398889486,-3.57263917201092,56.73968430049673,2142.2960000000003,2161.7838396955613,2122.8081603044393,15.892254898429558,2144.0978639973687,2026-04-06 21:00:00,1775509200
2094.0032,2071.7503500000003,2136.6950838656803,10.708268675738509,16.806754854259292,-6.098486178520783,41.8393035574562,2140.8869999999997,2165.962711036776,2115.8112889632234,17.295665262827445,2142.6779626586545,2026-04-06 22:00:00,1775512800
2094.7698,2072.3213,2131.3250686173747,7.55239424193087,14.95588273179361,-7.40348848986274,42.6706346591702,2139.7775,2168.49594276767,2111.0590572323304,17.695260601196903,2139.893978206412,2026-04-06 23:00:00,1775516400
2095.6402,2072.8955,2127.9314197778517,5.4325223152504805,13.051210648484984,-7.618688333234504,45.316164837224115,2138.8575,2169.732022749347,2107.982977250653,17.46774198682568,2139.0329587343986,2026-04-07 00:00:00,1775520000
2096.32,2073.41755,2122.7638889091513,2.6607420614095645,10.973116931069901,-8.312374869660337,40.50359638921003,2137.2685,2172.500988004681,2102.0360119953193,17.848617559195255,2137.6738247821363,2026-04-07 01:00:00,1775523600
2097.2148,2073.9651,2119.868636380215,1.0435268532842201,8.987198915512765,-7.943672062228545,44.069235867018115,2136.234,2173.6940920447346,2098.7739079552653,17.85871630496704,2137.2890247046594,2026-04-07 02:00:00,1775527200
2098.2348,2074.5275,2117.777975220176,-0.1133628608113213,7.167086560247949,-7.28044942105927,44.81269658758193,2134.9075000000003,2174.2920740741224,2095.522925925878,17.020236568897957,2137.068625415649,2026-04-07 03:00:00,1775530800
2099.322,2075.0861,2117.1310706346894,-0.5517993848370679,5.623309371230946,-6.175108756068014,47.67656238799917,2133.6945,2174.046714053259,2093.342285946741,16.913791099690975,2136.599762105045,2026-04-07 04:00:00,1775534400
2100.2996000000003,2075.58115,2115.0199668829277,-1.5830325659417213,4.182040983796413,-5.765073549738134,44.0181446621657,2131.4219999999996,2172.734420214749,2090.10957978525,16.482806021141627,2133.9191719568644,2026-04-07 05:00:00,1775538000
2101.2814000000003,2076.2324500000004,2113.061791086032,-2.4742490746029944,2.850782972116532,-5.325032046719526,43.493480174201025,2128.971,2170.6229261979574,2087.3190738020426,16.011891305345788,2132.288873129388,2026-04-07 06:00:00,1775541600
2102.3902,2076.82945,2111.4214654340262,-3.161051193073945,1.6484161390784364,-4.809467332152382,43.401360257884136,2126.5965,2168.2481411561434,2084.9448588438568,15.396041926392508,2130.819185105658,2026-04-07 07:00:00,1775545200
2103.9206,2077.4174000000003,2112.043017173294,-2.8015821839776436,0.7584164744672205,-3.559998658444864,49.34363272451241,2125.159,2166.347358015344,2083.970641984656,15.30203893165018,2129.750893751402,2026-04-07 08:00:00,1775548800
2105.74,2078.00655,2114.9915595054226,-1.4174787474039476,0.32323743009298694,-1.7407161774969346,55.58386525620259,2124.2725,2164.378290542017,2084.166709457983,15.61617900796087,2128.645883611041,2026-04-07 09:00:00,1775552400
2106.7432,2078.3035,2110.3240032317094,-3.4232384053884743,-0.42605773700330535,-2.997180668385169,40.1344470384345,2120.903,2160.864950452902,2080.9410495470975,17.757166221677963,2121.220902400355,2026-04-07 10:00:00,1775556000
2107.6463999999996,2078.572,2106.5523662804894,-4.934950520272196,-1.3278362936570836,-3.607114226615112,40.25385556910035,2117.1495,2153.947169749595,2080.351830250405,17.323082920129558,2115.879310991608,2026-04-07 11:00:00,1775559600
2108.4914000000003,2078.765,2102.9955724113092,-6.269711288112376,-2.316211292548142,-3.9534999955642336,39.41055573579215,2114.468,2151.8451714285648,2077.090828571435,17.448576997263157,2111.483018504467,2026-04-07 12:00:00,1775563200
2109.1444,2078.90065,2097.900013791071,-8.202874724020148,-3.4935439788425438,-4.7093307451776045,35.6752127229302,2111.469,2151.3336820632044,2071.6043179367957,17.535821497458652,2106.745794516056,2026-04-07 13:00:00,1775566800
2109.966,2079.03555,2092.725465829058,-10.065121008859478,-4.807859384845931,-5.257261624013547,34.075065380229745,2107.699,2148.4777189107313,2066.920281089269,17.798977104783052,2101.0692155744605,2026-04-07 14:00:00,1775570400
2110.8346,2079.1379500000003,2090.4226538601383,-10.562264155000321,-5.958740338876809,-4.603523816123512,39.67136515350116,2104.4895,2143.3133084041287,2065.6656915958715,17.884050168727104,2098.02191140233,2026-04-07 15:00:00,1775574000
2111.74,2079.2450999999996,2089.211262249204,-10.536239393087726,-6.874240149718993,-3.661999243368733,41.53353790579287,2101.237,2135.2671948863144,2067.2068051136857,17.50804658524659,2096.2119223919153,2026-04-07 16:00:00,1775577600
2112.653,2079.4668,2091.081941840258,-9.14016598255148,-7.32742531628549,-1.8127406662659897,48.77704348196715,2099.2349999999997,2128.376064153537,2070.0939358464625,18.783900400586113,2095.6978267090794,2026-04-07 17:00:00,1775581200
2113.3360000000002,2079.6094,2090.212497869302,-8.995206290734131,-7.660981511175219,-1.3342247795589124,43.86854052876653,2098.2795,2127.7987550549733,2068.760244945027,18.796478943401393,2094.7859308955985,2026-04-07 18:00:00,1775584800
2114.3532,2079.81995,2094.4265891657924,-6.6180987681909755,-7.452404962578371,0.8343061943873957,54.08129656756226,2098.591,2128.6058475924924,2068.5761524075074,19.783159018872734,2095.033354116199,2026-04-07 19:00:00,1775588400
2115.404,2080.0249,2098.26357295383,-4.509560409866026,-6.863836052035903,2.3542756421698767,54.78121108472904,2098.7345,2129.043035085031,2068.425964914969,19.43507623181042,2095.3572624463077,2026-04-07 20:00:00,1775592000
2117.0573999999997,2080.4455,2106.7683778713154,-0.4521065916928819,-5.581490159967299,5.129383568274417,63.12757325110126,2101.011,2137.433480365847,2064.588519634153,20.723999358109676,2100.824668619803,2026-04-07 21:00:00,1775595600
2120.0746,2081.18615,2127.314127349258,8.69332995065588,-2.7265261378426624,11.419856088498541,75.4735120458864,2106.6575000000003,2170.00582116955,2043.3091788304503,24.589427975387565,2129.0729158237687,2026-04-07 22:00:00,1775599200
2123.6746,2082.01355,2147.804286013029,17.374075618300594,1.293594213385989,16.080481404914604,77.65568721453758,2113.2395,2199.2378152102438,2027.2411847897567,26.985897405717015,2153.2456443228234,2026-04-07 23:00:00,1775602800
2126.6803999999997,2082.8630500000004,2163.854415828842,23.663730194166874,5.7676214095421665,17.896108784624708,76.23732029563634,2119.3325,2220.6487229605914,2018.0162770394084,26.711904733880093,2159.260817292482,2026-04-08 00:00:00,1775606400
2129.1582,2083.82435,2176.619067496325,28.16071050068149,10.246239227770031,17.914471272911456,75.47426202516168,2125.7595,2238.4274836466434,2013.0915163533568,25.683911538602956,2162.0433786552494,2026-04-08 01:00:00,1775610000
2131.4640000000004,2084.8477,2187.6483279515387,31.619931988683675,14.52097777995276,17.098954208730916,75.88855025106197,2132.411,2254.5254438467464,2010.2965561532535,25.039346428702736,2165.883480068358,2026-04-08 02:00:00,1775613600
2133.8552,2085.9026,2196.199541051259,33.76239974152077,18.369262172266364,15.393137569254403,74.78998436473485,2138.943,2268.063394376722,2009.8226056232786,23.783678826652544,2168.086164156703,2026-04-08 03:00:00,1775617200
2135.9988,2086.9904500000002,2204.303260860121,35.54202661634736,21.803815061082563,13.738211555264794,75.67811275142932,2145.2394999999997,2281.1477383779584,2009.3312616220408,23.357701767605946,2171.6369556668506,2026-04-08 04:00:00,1775620800
2138.2257999999997,2088.01395,2210.9208497946443,36.52569979045575,24.7481920069572,11.777507783498546,75.64512528102603,2150.8615,2292.669477388439,2009.053522611561,22.175008784205502,2173.966782406943,2026-04-08 05:00:00,1775624400
2140.5247999999997,2089.0786000000003,2217.300695286527,37.30372635375488,27.259298876316738,10.044427477438145,76.48255807717264,2158.6960000000004,2303.323663522578,2014.0683364774225,21.90322244247656,2179.782755246143,2026-04-08 06:00:00,1775628000
2142.9742,2090.215,2223.9296597798857,38.10641125259281,29.42872135157195,8.677689901020855,77.68839016557754,2166.9049999999997,2313.532551503801,2020.2774484961983,21.490849410871103,2184.990748430055,2026-04-08 07:00:00,1775631600
2145.5532000000003,2091.31415,2229.84790345627,38.5180143926782,31.246579959793202,7.271434432884995,78.11256366989586,2175.3795,2322.144022071923,2028.6149779280775,20.60364588152318,2191.1437604281127,2026-04-08 08:00:00,1775635200
2147.8469999999998,2092.1971,2233.43737555513,37.851914124737505,32.567646792782064,5.284267331955441,74.26124160563927,2184.1105,2326.6584905821182,2041.562509417881,20.37195688998582,2196.7916518767047,2026-04-08 09:00:00,1775638800
2149.9308,2093.045,2235.1160345451062,36.34665705869065,33.32344884596378,3.023208212726871,70.501492925044,2192.772,2327.218352066539,2058.325647933461,19.736102826415426,2204.632881562264,2026-04-08 10:00:00,1775642400
2151.856,2093.9476,2237.318573718723,35.116878365249704,33.68213474982097,1.4347436154287365,71.52457450007996,2201.1305,2327.022117111703,2075.238882888297,19.58352405310003,2210.5547735919686,2026-04-08 11:00:00,1775646000
2153.9082,2094.92265,2240.693378497137,34.443212683890124,33.8343503366348,0.6088623472553252,73.40860243516235,2209.7365,2325.480964277993,2093.992035722007,19.37470090645002,2214.995412596263,2026-04-08 12:00:00,1775649600
2155.5987999999998,2095.7814000000003,2239.850946043112,31.9418140710427,33.45584308351638,-1.514029012473678,63.10573379382379,2216.5645,2321.0559485448425,2112.0730514551574,20.774365127417894,2220.5669005839786,2026-04-08 13:00:00,1775653200
2156.6313999999998,2096.44585,2231.7362285807276,26.36012781800173,32.03670003041345,-5.67657221241172,48.119326972850004,2222.0105,2308.596738508203,2135.4242614917966,23.17119618974518,2219.8388560742815,2026-04-08 14:00:00,1775656800
2158.0206000000003,2097.24325,2228.7750961115044,23.300400664559675,30.289440157242698,-6.989039492683023,53.95279478337694,2227.1135,2298.1201172338847,2156.106882766115,23.29396789047766,2223.848705369032,2026-04-08 15:00:00,1775660400
2159.3016000000002,2098.14655,2227.3178059094125,21.06123664787947,28.443799455370055,-7.3825628074905865,55.37126145960778,2232.375,2281.8634234947867,2182.8865765052133,22.64297018401496,2226.7226110140446,2026-04-08 16:00:00,1775664000
2160.6462,2099.2141,2228.1472957440646,19.95395729979191,26.74583102425443,-6.791873724462519,58.27031300895228,2236.7169999999996,2265.8419165492246,2207.5920834507747,22.916329456585306,2231.6498440088494,2026-04-08 17:00:00,1775667600
2161.8619999999996,2100.0886499999997,2223.285969245144,16.42837994958336,24.682340809320216,-8.253960859736857,48.897312025894905,2235.799,2267.997859545011,2203.600140454989,23.660163066829206,2232.7335982852283,2026-04-08 18:00:00,1775671200
2163.3838,2100.9378500000003,2221.0594293823906,14.247162596006092,22.595305166657393,-8.348142570651301,51.54986936276863,2234.3505,2268.224222248955,2200.476777751045,22.97300856205569,2230.295890013067,2026-04-08 19:00:00,1775674800
2164.6832,2101.748,2219.0140785855924,12.277751135556173,20.53179436043715,-8.254043224880977,51.184424076434645,2233.037,2268.538787616955,2197.535212383045,22.104936521908837,2229.4739130466805,2026-04-08 20:00:00,1775678400
2166.0888,2102.4438,2218.19879157003,10.971371773260671,18.619709843001853,-7.6483380697411825,52.5738463915608,2232.0605,2268.459060672084,2195.661939327916,21.572441056058214,2228.9647477284575,2026-04-08 21:00:00,1775682000
2166.91,2103.16345,2213.0481021936607,7.855645813931915,16.466897037187866,-8.611251223255952,45.31664235547307,2229.69,2270.3463298884617,2189.0336701115384,22.044409552054077,2227.009981933865,2026-04-08 22:00:00,1775685600
2167.9192,2103.8392,2208.8575381584496,5.335397318002379,14.240597093350768,-8.90519977534839,45.35946263586016,2227.456,2271.53607867506,2183.3759213249405,21.48195172690733,2225.3047674849504,2026-04-08 23:00:00,1775689200
2169.4716,2104.29585,2204.1616221296404,2.7440300084508635,11.941283676370787,-9.197253667919924,43.397316634696146,2224.5690000000004,2272.2029756476354,2176.9350243523654,20.982526603556792,2223.235167416629,2026-04-09 00:00:00,1775692800
2170.9022,2104.7225,2199.530418106069,0.33627465186827976,9.620281871470286,-9.284007219602007,42.173969981783515,2221.4685,2272.453575571186,2170.483424428814,21.145917560445593,2220.7759688696133,2026-04-09 01:00:00,1775696400
2172.2828,2105.1315,2196.2867057231474,-1.3146593129972644,7.433293634576776,-8.74795294757404,43.36249139586761,2218.2524999999996,2270.7321729696323,2165.772827030367,20.456209163270895,2218.8047397728765,2026-04-09 02:00:00,1775700000
2173.9424000000004,2105.56125,2193.7782137734844,-2.5293265582563436,5.440769596010153,-7.970096154266496,43.69483344768117,2214.6890000000003,2266.717422194025,2162.6605778059757,19.59362279446584,2216.243471209578,2026-04-09 03:00:00,1775703600
2175.3584,2105.9111500000004,2190.843993087396,-3.839059282510334,3.584803820306056,-7.42386310281639,42.082627787785405,2210.7470000000003,2261.442437703997,2160.051562296004,18.62764973771826,2213.8190053478643,2026-04-09 04:00:00,1775707200
2176.8344,2106.30885,2189.266903435142,-4.4600856700881195,1.975825922227221,-6.435911592315341,44.155221023394475,2207.376,2256.2241943985637,2158.5278056014367,18.253531899309806,2210.55719565452,2026-04-09 05:00:00,1775710800
2178.1802,2106.73385,2187.856557356025,-4.948467191180953,0.5909672995455864,-5.539434490726539,43.90868178885447,2204.318,2251.577045102498,2157.0589548975026,17.70185104935912,2209.329896841463,2026-04-09 06:00:00,1775714400
2179.6926,2107.1124,2186.635365109475,-5.304225167066306,-0.5880711937767922,-4.716153973289514,43.76116707272726,2201.0135,2244.9326809008317,2157.0943190991684,16.84886168869063,2206.899265314626,2026-04-09 07:00:00,1775718000
2181.2776,2107.4563,2186.065298725934,-5.334243807237726,-1.537305716468979,-3.796938090768747,45.029717911198624,2197.3945,2233.9428758736285,2160.8461241263713,16.246800139498447,2203.609441421715,2026-04-09 08:00:00,1775721600
